[{"model": "languages.language", "pk": 1, "fields": {"name": "Python", "slug": "python", "homepage_url": "https://www.python.org/", "summary": "Python is dynamically typed.", "year_appeared": 1991, "is_visible": true}}, {"model": "languages.language", "pk": 2, "fields": {"name": "Ada", "slug": "ada", "homepage_url": "http://www.adaic.org/", "summary": "Ada is an statically typed, imperative paradigm programming language.", "year_appeared": 1980, "is_visible": true}}, {"model": "languages.language", "pk": 3, "fields": {"name": "Swift", "slug": "swift", "homepage_url": "https://developer.apple.com/swift/", "summary": "Swift is a multi-paradigm open source programming language originally developed by Apple.", "year_appeared": 2014, "is_visible": true}}, {"model": "languages.language", "pk": 4, "fields": {"name": "Regent", "slug": "regent", "homepage_url": "http://regent-lang.org/", "summary": "Regent is a language for implicit dataflow parallelism.", "year_appeared": null, "is_visible": true}}, {"model": "languages.language", "pk": 5, "fields": {"name": "CoffeeScript", "slug": "coffeescript", "homepage_url": "http://coffeescript.org/", "summary": "CoffeeScript is a multi-paradigm language the transcompiles to JavaScript.", "year_appeared": 2009, "is_visible": true}}, {"model": "languages.language", "pk": 6, "fields": {"name": "Arc", "slug": "arc", "homepage_url": "http://arclanguage.org/", "summary": "Arc is a dialect of Lisp intended for exploratory programming.", "year_appeared": 2008, "is_visible": true}}, {"model": "languages.language", "pk": 7, "fields": {"name": "C", "slug": "c", "homepage_url": "", "summary": "C is a statically-typed, imperative paradigm programming language. The language was originally created for implementing the Unix operating system but then grew to be one of the most widely used and influential programming language in computer science.", "year_appeared": 1972, "is_visible": true}}, {"model": "languages.language", "pk": 8, "fields": {"name": "C#", "slug": "c-sharp", "homepage_url": "", "summary": "C# is a multi-paradigm programming language originally developed by Microsoft for its .NET platform.", "year_appeared": 2000, "is_visible": true}}, {"model": "languages.language", "pk": 9, "fields": {"name": "Ceylon", "slug": "ceylon", "homepage_url": "http://ceylon-lang.org/", "summary": "Ceylon is an open source, statically-typed object-oriented programming language that can create programs that run on the Java Virtual Machine or transcompiled to JavaScript.", "year_appeared": 2011, "is_visible": true}}, {"model": "languages.language", "pk": 10, "fields": {"name": "Clojure", "slug": "clojure", "homepage_url": "http://clojure.org/", "summary": "Clojure is functional paradigm programming language heavily influenced by Lisp.", "year_appeared": 2007, "is_visible": true}}, {"model": "languages.language", "pk": 11, "fields": {"name": "COBOL", "slug": "cobol", "homepage_url": "", "summary": "COBOL is a procedural and imperative paradigm programming language designed for business use. The language dates back to the 1950s and was standardized in 1968, being revised fouor times, most recently in 2014.", "year_appeared": 1959, "is_visible": true}}, {"model": "languages.language", "pk": 12, "fields": {"name": "C++", "slug": "c-plus-plus", "homepage_url": "https://isocpp.org/", "summary": "C++ is an imperative and object-oriented language that enhances the C programming language with classes and related features such as inheritance, templates and exceptions.", "year_appeared": 1983, "is_visible": true}}, {"model": "languages.tutorial", "pk": 1, "fields": {"name": "Full Stack Python", "slug": "full-stack-python", "summary": "Full Stack Python is an open book that explains concepts in plain language and provides the most helpful resources on those topics.", "homepage_url": "https://www.fullstackpython.com/", "language": 1, "is_visible": true}}, {"model": "languages.tutorial", "pk": 2, "fields": {"name": "Real Python", "slug": "real-python", "summary": "Real Python teaches programming and web development through hands-on, interesting examples that are useful and fun! Join the thousands who have already benefited from these unique Python courses and download your copy today.", "homepage_url": "https://realpython.com/", "language": 1, "is_visible": true}}, {"model": "taggit.tag", "pk": 1, "fields": {"name": "multiparadigm", "slug": "multiparadigm"}}, {"model": "taggit.tag", "pk": 2, "fields": {"name": "flask", "slug": "flask"}}, {"model": "taggit.tag", "pk": 3, "fields": {"name": "web development", "slug": "web-development"}}, {"model": "taggit.tag", "pk": 4, "fields": {"name": "django", "slug": "django"}}, {"model": "taggit.tag", "pk": 5, "fields": {"name": "typed", "slug": "typed"}}, {"model": "taggit.tag", "pk": 6, "fields": {"name": "statically", "slug": "statically"}}, {"model": "taggit.tag", "pk": 7, "fields": {"name": "open source", "slug": "open-source"}}, {"model": "taggit.tag", "pk": 8, "fields": {"name": "source", "slug": "source"}}, {"model": "taggit.tag", "pk": 9, "fields": {"name": "open", "slug": "open"}}, {"model": "taggit.tag", "pk": 10, "fields": {"name": "functional", "slug": "functional"}}, {"model": "taggit.tag", "pk": 11, "fields": {"name": "imperative", "slug": "imperative"}}, {"model": "taggit.tag", "pk": 12, "fields": {"name": "object-oriented", "slug": "object-oriented"}}, {"model": "taggit.tag", "pk": 13, "fields": {"name": "procedural", "slug": "procedural"}}, {"model": "taggit.taggeditem", "pk": 2, "fields": {"tag": 2, "content_type": ["languages", "tutorial"], "object_id": 1}}, {"model": "taggit.taggeditem", "pk": 3, "fields": {"tag": 3, "content_type": ["languages", "tutorial"], "object_id": 1}}, {"model": "taggit.taggeditem", "pk": 4, "fields": {"tag": 4, "content_type": ["languages", "tutorial"], "object_id": 1}}, {"model": "taggit.taggeditem", "pk": 5, "fields": {"tag": 2, "content_type": ["languages", "tutorial"], "object_id": 2}}, {"model": "taggit.taggeditem", "pk": 6, "fields": {"tag": 4, "content_type": ["languages", "tutorial"], "object_id": 2}}, {"model": "taggit.taggeditem", "pk": 11, "fields": {"tag": 8, "content_type": ["languages", "language"], "object_id": 4}}, {"model": "taggit.taggeditem", "pk": 12, "fields": {"tag": 9, "content_type": ["languages", "language"], "object_id": 4}}, {"model": "taggit.taggeditem", "pk": 14, "fields": {"tag": 1, "content_type": ["languages", "language"], "object_id": 5}}, {"model": "taggit.taggeditem", "pk": 15, "fields": {"tag": 1, "content_type": ["languages", "language"], "object_id": 1}}, {"model": "taggit.taggeditem", "pk": 16, "fields": {"tag": 5, "content_type": ["languages", "language"], "object_id": 2}}, {"model": "taggit.taggeditem", "pk": 17, "fields": {"tag": 6, "content_type": ["languages", "language"], "object_id": 2}}, {"model": "taggit.taggeditem", "pk": 18, "fields": {"tag": 1, "content_type": ["languages", "language"], "object_id": 3}}, {"model": "taggit.taggeditem", "pk": 19, "fields": {"tag": 7, "content_type": ["languages", "language"], "object_id": 3}}, {"model": "taggit.taggeditem", "pk": 20, "fields": {"tag": 10, "content_type": ["languages", "language"], "object_id": 6}}, {"model": "taggit.taggeditem", "pk": 21, "fields": {"tag": 11, "content_type": ["languages", "language"], "object_id": 7}}, {"model": "taggit.taggeditem", "pk": 22, "fields": {"tag": 1, "content_type": ["languages", "language"], "object_id": 8}}, {"model": "taggit.taggeditem", "pk": 23, "fields": {"tag": 12, "content_type": ["languages", "language"], "object_id": 9}}, {"model": "taggit.taggeditem", "pk": 24, "fields": {"tag": 10, "content_type": ["languages", "language"], "object_id": 10}}, {"model": "taggit.taggeditem", "pk": 25, "fields": {"tag": 11, "content_type": ["languages", "language"], "object_id": 11}}, {"model": "taggit.taggeditem", "pk": 26, "fields": {"tag": 13, "content_type": ["languages", "language"], "object_id": 11}}, {"model": "taggit.taggeditem", "pk": 27, "fields": {"tag": 11, "content_type": ["languages", "language"], "object_id": 12}}, {"model": "taggit.taggeditem", "pk": 28, "fields": {"tag": 12, "content_type": ["languages", "language"], "object_id": 12}}]