[{"model": "languages.library", "pk": 1, "fields": {"name": "Django", "slug": "django", "homepage_url": "https://www.djangoproject.com/", "package_url": "https://pypi.python.org/pypi/Django", "source_code_url": "https://github.com/django/django", "summary": "Django is a widely-used Python web framework with a \"batteries-included\" feature philosophy.", "language": 1, "is_visible": true}}, {"model": "languages.library", "pk": 2, "fields": {"name": "Rollout", "slug": "rollout", "homepage_url": "", "package_url": "https://rubygems.org/gems/rollout/", "source_code_url": "https://github.com/FetLife/rollout", "summary": "Rollout is a feature flipper for Ruby applications.", "language": 14, "is_visible": true}}, {"model": "languages.library", "pk": 3, "fields": {"name": "Split", "slug": "split", "homepage_url": "", "package_url": "https://rubygems.org/gems/split", "source_code_url": "https://github.com/splitrb/split", "summary": "Split is an A/B testing and feature flipping library for Ruby applications.", "language": 14, "is_visible": true}}, {"model": "languages.library", "pk": 4, "fields": {"name": "Vanity", "slug": "vanity", "homepage_url": "http://vanity.labnotes.org/", "package_url": "https://rubygems.org/gems/vanity/", "source_code_url": "https://github.com/assaf/vanity", "summary": "Vanity is an A/B testing and feature flipping library for Ruby applications.", "language": 14, "is_visible": true}}, {"model": "languages.library", "pk": 5, "fields": {"name": "Apache Ant", "slug": "apache-ant", "homepage_url": "http://ant.apache.org/", "package_url": "", "source_code_url": "https://git-wip-us.apache.org/repos/asf?p=ant.git;a=summary", "summary": "Apache Ant is a procedural build tool based on XML schemas. While it was originally inteded for Java projects, it can be used with any programming ecosystem.", "language": 27, "is_visible": true}}, {"model": "languages.library", "pk": 6, "fields": {"name": "Apache Maven", "slug": "apache-maven", "homepage_url": "http://maven.apache.org/", "package_url": "", "source_code_url": "https://maven.apache.org/source-repository.html", "summary": "Apache Maven is a package management system and build tool based on project object model (POM) files.", "language": 27, "is_visible": true}}, {"model": "languages.library", "pk": 7, "fields": {"name": "Gradle", "slug": "gradle", "homepage_url": "http://gradle.org/", "package_url": "", "source_code_url": "https://github.com/gradle/gradle", "summary": "Gradle is a build system and automation tool for Java Virtual Machine languages.", "language": 27, "is_visible": true}}, {"model": "languages.library", "pk": 8, "fields": {"name": "Bazel", "slug": "bazel", "homepage_url": "http://bazel.io/", "package_url": "", "source_code_url": "https://github.com/bazelbuild/bazel", "summary": "Bazel is a build tool created by Google that is designed for minimizing build time.", "language": 27, "is_visible": true}}, {"model": "languages.library", "pk": 9, "fields": {"name": "Dashing", "slug": "dashing", "homepage_url": "http://shopify.github.io/dashing/", "package_url": "https://rubygems.org/gems/dashing/", "source_code_url": "https://github.com/Shopify/dashing", "summary": "Dashing is a framework for building sweet-looking dashboards with custom widgets.", "language": 14, "is_visible": true}}, {"model": "languages.library", "pk": 10, "fields": {"name": "Flask", "slug": "flask", "homepage_url": "http://flask.pocoo.org/", "package_url": "https://pypi.python.org/pypi/Flask", "source_code_url": "https://github.com/mitsuhiko/flask", "summary": "Flask is a Python micro web framework built with Werkzeug for routing, Jinja2 as a template engine and (optionally) SQL-Alchemy as the backend object-relational mapper.", "language": 1, "is_visible": true}}, {"model": "languages.language", "pk": 1, "fields": {"name": "Python", "slug": "python", "homepage_url": "https://www.python.org/", "summary": "Python is dynamically typed.", "year_appeared": 1991, "source_code_url": "", "logo_url": "", "is_visible": true}}, {"model": "languages.language", "pk": 2, "fields": {"name": "Ada", "slug": "ada", "homepage_url": "http://www.adaic.org/", "summary": "Ada is an statically typed, imperative paradigm programming language.", "year_appeared": 1980, "source_code_url": "", "logo_url": "", "is_visible": true}}, {"model": "languages.language", "pk": 3, "fields": {"name": "Swift", "slug": "swift", "homepage_url": "https://developer.apple.com/swift/", "summary": "Swift is a multi-paradigm open source programming language originally developed by Apple.", "year_appeared": 2014, "source_code_url": "", "logo_url": "", "is_visible": true}}, {"model": "languages.language", "pk": 4, "fields": {"name": "Regent", "slug": "regent", "homepage_url": "http://regent-lang.org/", "summary": "Regent is a language for implicit dataflow parallelism.", "year_appeared": null, "source_code_url": "", "logo_url": "", "is_visible": true}}, {"model": "languages.language", "pk": 5, "fields": {"name": "CoffeeScript", "slug": "coffeescript", "homepage_url": "http://coffeescript.org/", "summary": "CoffeeScript is a multi-paradigm language the transcompiles to JavaScript.", "year_appeared": 2009, "source_code_url": "", "logo_url": "", "is_visible": true}}, {"model": "languages.language", "pk": 6, "fields": {"name": "Arc", "slug": "arc", "homepage_url": "http://arclanguage.org/", "summary": "Arc is a dialect of Lisp intended for exploratory programming.", "year_appeared": 2008, "source_code_url": "", "logo_url": "", "is_visible": true}}, {"model": "languages.language", "pk": 7, "fields": {"name": "C", "slug": "c", "homepage_url": "", "summary": "C is a statically-typed, imperative paradigm programming language. The language was originally created for implementing the Unix operating system but then grew to be one of the most widely used and influential programming language in computer science.", "year_appeared": 1972, "source_code_url": "", "logo_url": "", "is_visible": true}}, {"model": "languages.language", "pk": 8, "fields": {"name": "C#", "slug": "c-sharp", "homepage_url": "", "summary": "C# is a multi-paradigm programming language originally developed by Microsoft for its .NET platform.", "year_appeared": 2000, "source_code_url": "", "logo_url": "", "is_visible": true}}, {"model": "languages.language", "pk": 9, "fields": {"name": "Ceylon", "slug": "ceylon", "homepage_url": "http://ceylon-lang.org/", "summary": "Ceylon is an open source, statically-typed object-oriented programming language that can create programs that run on the Java Virtual Machine or transcompiled to JavaScript.", "year_appeared": 2011, "source_code_url": "", "logo_url": "", "is_visible": true}}, {"model": "languages.language", "pk": 10, "fields": {"name": "Clojure", "slug": "clojure", "homepage_url": "http://clojure.org/", "summary": "Clojure is functional paradigm programming language heavily influenced by Lisp.", "year_appeared": 2007, "source_code_url": "", "logo_url": "", "is_visible": true}}, {"model": "languages.language", "pk": 11, "fields": {"name": "COBOL", "slug": "cobol", "homepage_url": "", "summary": "COBOL is a procedural and imperative paradigm programming language designed for business use. The language dates back to the 1950s and was standardized in 1968, being revised fouor times, most recently in 2014.", "year_appeared": 1959, "source_code_url": "", "logo_url": "", "is_visible": true}}, {"model": "languages.language", "pk": 12, "fields": {"name": "C++", "slug": "c-plus-plus", "homepage_url": "https://isocpp.org/", "summary": "C++ is an imperative and object-oriented language that enhances the C programming language with classes and related features such as inheritance, templates and exceptions.", "year_appeared": 1983, "source_code_url": "", "logo_url": "", "is_visible": true}}, {"model": "languages.language", "pk": 13, "fields": {"name": "Common Lisp", "slug": "common-lisp", "homepage_url": "https://common-lisp.net/", "summary": "Common Lisp is a standardized dialect specification of the Lisp Programming Language. Several implementations of the specification are available.", "year_appeared": 1984, "source_code_url": "", "logo_url": "", "is_visible": true}}, {"model": "languages.language", "pk": 14, "fields": {"name": "Ruby", "slug": "ruby", "homepage_url": "http://www.ruby-lang.org/en/", "summary": "Ruby is a dynamically typed multi-paradigm language that blends object-oriented and functional programming.", "year_appeared": 1995, "source_code_url": "", "logo_url": "", "is_visible": true}}, {"model": "languages.language", "pk": 15, "fields": {"name": "Rust", "slug": "rust", "homepage_url": "https://www.rust-lang.org/", "summary": "Rust is a statically-typed language intended for concurrent and highly safe software programs.", "year_appeared": 2010, "source_code_url": "", "logo_url": "", "is_visible": true}}, {"model": "languages.language", "pk": 16, "fields": {"name": "Red", "slug": "red", "homepage_url": "http://www.red-lang.org/", "summary": "Red is a functional programming language inspired by REBOL.", "year_appeared": 2011, "source_code_url": "", "logo_url": "", "is_visible": true}}, {"model": "languages.language", "pk": 17, "fields": {"name": "Bash", "slug": "bash", "homepage_url": "https://www.gnu.org/software/bash/", "summary": "Bash, the Bourne Again SHell is an open source Unix shell and command language.", "year_appeared": 1989, "source_code_url": "", "logo_url": "", "is_visible": true}}, {"model": "languages.language", "pk": 18, "fields": {"name": "Haxe", "slug": "haxe", "homepage_url": "http://haxe.org/", "summary": "Haxe is an open source statically-typed multi-paradigm programming language.", "year_appeared": 2005, "source_code_url": "", "logo_url": "", "is_visible": true}}, {"model": "languages.language", "pk": 19, "fields": {"name": "Haskell", "slug": "haskell", "homepage_url": "https://www.haskell.org/", "summary": "Haskell is a statically-typed functional paradigm language named after logician Haskell Curry.", "year_appeared": 1990, "source_code_url": "", "logo_url": "", "is_visible": true}}, {"model": "languages.language", "pk": 20, "fields": {"name": "Go", "slug": "go-lang", "homepage_url": "https://golang.org/", "summary": "Go is a strongly statically-typed, BSD-licensed open source language originally built at Google.", "year_appeared": 2009, "source_code_url": "", "logo_url": "", "is_visible": true}}, {"model": "languages.language", "pk": 21, "fields": {"name": "Scala", "slug": "scala", "homepage_url": "http://www.scala-lang.org/", "summary": "Scala is a strongly statically-typed multi-paradigm (object-oriented and functional) language that compiles to Java bytecode to run on the Java Virtual Machine.", "year_appeared": 2004, "source_code_url": "", "logo_url": "", "is_visible": true}}, {"model": "languages.language", "pk": 22, "fields": {"name": "Elm", "slug": "elm", "homepage_url": "http://elm-lang.org/", "summary": "Elm is a functional paradigm language intended for declaratively building web applications.", "year_appeared": 2012, "source_code_url": "", "logo_url": "", "is_visible": true}}, {"model": "languages.language", "pk": 23, "fields": {"name": "JavaScript", "slug": "javascript", "homepage_url": "", "summary": "JavaScript is a dynamically-typed interpreted language supported by all major web browsers and is increasingly used to write server-side web application code as well.", "year_appeared": 1995, "source_code_url": "", "logo_url": "", "is_visible": true}}, {"model": "languages.language", "pk": 24, "fields": {"name": "Kotlin", "slug": "kotlin", "homepage_url": "http://kotlinlang.org/", "summary": "Kotlin is a statically-typed language for the Java Virtual Machine that is open source under the Apache 2 license.", "year_appeared": 2011, "source_code_url": "", "logo_url": "", "is_visible": true}}, {"model": "languages.language", "pk": 25, "fields": {"name": "D", "slug": "d", "homepage_url": "http://dlang.org/", "summary": "D is a multi-paradigm (object-oriented, functional and generic) statically-typed language originally intended as a C++ replacement but has now developed beyond that original goal.", "year_appeared": 2001, "source_code_url": "", "logo_url": "", "is_visible": true}}, {"model": "languages.language", "pk": 26, "fields": {"name": "Elixir", "slug": "elixir", "homepage_url": "http://elixir-lang.org/", "summary": "Elixir is a multi-paradigm (functional, distributed and process-oriented) dynamically-typed language that runs on the Erlang virtual machine. Elixir is open sourced under the Apache 2 license.", "year_appeared": 2012, "source_code_url": "", "logo_url": "", "is_visible": true}}, {"model": "languages.language", "pk": 27, "fields": {"name": "Java", "slug": "java", "homepage_url": "https://www.java.com/", "summary": "Java is an object-oriented paradigm, statically-typed language originally created with the goal for developers to write code once and run it on any platform the Java Virtual Machine (JVM) is available.", "year_appeared": 1995, "source_code_url": "", "logo_url": "", "is_visible": true}}, {"model": "languages.language", "pk": 28, "fields": {"name": "Julia", "slug": "julia", "homepage_url": "http://julialang.org/", "summary": "Julia is a multi-paradigm (procedural, object-oriented and functional), dynamically-typed general purpose language often used for scientific computing.", "year_appeared": 2012, "source_code_url": "", "logo_url": "", "is_visible": true}}, {"model": "languages.language", "pk": 29, "fields": {"name": "Logo", "slug": "logo", "homepage_url": "", "summary": "Logo is a dynamically-typed, functional and procedural paradigm educational language which is commonly known by the small robot on the screen called a \"turtle\" that is used for drawing.", "year_appeared": 1967, "source_code_url": "", "logo_url": "", "is_visible": true}}, {"model": "languages.language", "pk": 30, "fields": {"name": "Lua", "slug": "lua", "homepage_url": "http://www.lua.org/", "summary": "Lua is a dynamically-typed scripting language open sourced under the MIT license.", "year_appeared": 1993, "source_code_url": "", "logo_url": "", "is_visible": true}}, {"model": "languages.language", "pk": 31, "fields": {"name": "Perl", "slug": "perl", "homepage_url": "https://www.perl.org/", "summary": "Perl is a functional paradigm, dynamically-typed language open sourced under the GNU license. Perl 5 and Perl 6 are separate languages therefore Perl is sometimes referred to as \"a family of programming languages\" rather than a single entity.", "year_appeared": 1987, "source_code_url": "", "logo_url": "", "is_visible": true}}, {"model": "languages.language", "pk": 32, "fields": {"name": "PHP", "slug": "php", "homepage_url": "https://www.php.net/", "summary": "PHP, which currently stands for PHP: Hypertext Preprocessor, is a dynamically-typed scripting language typically used for server-side web development.", "year_appeared": 1995, "source_code_url": "", "logo_url": "", "is_visible": true}}, {"model": "languages.language", "pk": 33, "fields": {"name": "Wolfram Language", "slug": "wolfram-language", "homepage_url": "http://www.wolfram.com/language/", "summary": "The Wolfram Language is a dynamically-typed proprietary licensed language for mathematical computation. The language existed in some form for over 25 years before its official introduction in 2013.", "year_appeared": 2013, "source_code_url": "", "logo_url": "", "is_visible": true}}, {"model": "languages.language", "pk": 34, "fields": {"name": "Groovy", "slug": "groovy", "homepage_url": "http://www.groovy-lang.org/", "summary": "Groovy is a dynamically-typed, object-oriented paradigm language that runs on the Java Virtual Machine and is open sourced under the Apache 2 license.", "year_appeared": 2003, "source_code_url": "", "logo_url": "", "is_visible": true}}, {"model": "languages.language", "pk": 35, "fields": {"name": "Erlang", "slug": "erlang", "homepage_url": "http://www.erlang.org/", "summary": "Erlang is a dynamically-typed, functional and concurrent paradigm often used for highly available and fault tolerant systems. Erlang is open sourced under the Apache 2 license.", "year_appeared": 1986, "source_code_url": "", "logo_url": "", "is_visible": true}}, {"model": "languages.language", "pk": 36, "fields": {"name": "Crystal", "slug": "crystal", "homepage_url": "http://crystal-lang.org/", "summary": "Crystal is a dynamically-typed Ruby-inspired language that compiles to machine code instead of bytecode or running on an interpreter.", "year_appeared": 2012, "source_code_url": "", "logo_url": "", "is_visible": true}}, {"model": "languages.language", "pk": 37, "fields": {"name": "Objective-C", "slug": "objective-c", "homepage_url": "", "summary": "Objective-C is a statically-typed, objective-oriented paradigm based on the C language.", "year_appeared": 1983, "source_code_url": "", "logo_url": "", "is_visible": true}}, {"model": "languages.language", "pk": 38, "fields": {"name": "Pascal", "slug": "pascal", "homepage_url": "", "summary": "Pascal is a statically-typed, imperative paradigm programming language that's been influential on other programming languages since its origins in the early 1970s.", "year_appeared": 1970, "source_code_url": "", "logo_url": "", "is_visible": true}}, {"model": "languages.language", "pk": 39, "fields": {"name": "BASIC", "slug": "basic", "homepage_url": "", "summary": "Beginner's All-purpose Symbolic Instruction Code (BASIC) is a family of programming languages that originated in the 1960s. The language was first unstructured and based on GOTO statements but later procedural constructs were added to make teaching structured programming concepts easier.", "year_appeared": 1964, "source_code_url": "", "logo_url": "", "is_visible": true}}, {"model": "languages.language", "pk": 40, "fields": {"name": "Dart", "slug": "dart", "homepage_url": "https://www.dartlang.org/", "summary": "Dart is a multi-paradigm (object-oriented, imperative and functional) language that transcompiles into JavaScript. The language was originally created by Google but now has an official EcmaScript (ECMA-408) specification.", "year_appeared": 2013, "source_code_url": "https://github.com/dart-lang/sdk", "logo_url": "https://upload.wikimedia.org/wikipedia/en/thumb/3/35/Dart_logo_wordmark.png/482px-Dart_logo_wordmark.png", "is_visible": true}}, {"model": "languages.language", "pk": 41, "fields": {"name": "Dylan", "slug": "dylan", "homepage_url": "http://opendylan.org/", "summary": "Dylan is a dynamically typed multi-paradigm (functional and object-oriented) language.", "year_appeared": 2011, "source_code_url": "https://github.com/dylan-lang/opendylan", "logo_url": "", "is_visible": true}}, {"model": "languages.language", "pk": 42, "fields": {"name": "ColdFusion", "slug": "coldfusion", "homepage_url": "http://www.adobe.com/devnet/coldfusion.html", "summary": "ColdFusion is a proprietary programming language created by Adobe Systems.", "year_appeared": 1995, "source_code_url": "", "logo_url": "", "is_visible": true}}, {"model": "languages.tutorial", "pk": 1, "fields": {"name": "Full Stack Python", "slug": "full-stack-python", "tutorial_url": "https://www.fullstackpython.com/", "language": 1, "summary": "Full Stack Python is an open book that explains concepts in plain language and provides the most helpful resources on those topics.", "is_visible": true, "libraries": [1, 10]}}, {"model": "languages.tutorial", "pk": 2, "fields": {"name": "Real Python", "slug": "real-python", "tutorial_url": "https://realpython.com/", "language": 1, "summary": "Real Python teaches programming and web development through hands-on, interesting examples that are useful and fun! Join the thousands who have already benefited from these unique Python courses and download your copy today.", "is_visible": true, "libraries": []}}, {"model": "languages.tutorial", "pk": 3, "fields": {"name": "Programmatically populating a Django database", "slug": "programmatically-populating-django-database", "tutorial_url": "http://eli.thegreenplace.net/2014/02/15/programmatically-populating-a-django-database", "language": 1, "summary": "Shows how to create dummy data in your database with a custom manage.py command.", "is_visible": true, "libraries": [1]}}, {"model": "taggit.tag", "pk": 1, "fields": {"name": "multiparadigm", "slug": "multiparadigm"}}, {"model": "taggit.tag", "pk": 2, "fields": {"name": "flask", "slug": "flask"}}, {"model": "taggit.tag", "pk": 3, "fields": {"name": "web development", "slug": "web-development"}}, {"model": "taggit.tag", "pk": 4, "fields": {"name": "django", "slug": "django"}}, {"model": "taggit.tag", "pk": 7, "fields": {"name": "open source", "slug": "open-source"}}, {"model": "taggit.tag", "pk": 10, "fields": {"name": "functional", "slug": "functional"}}, {"model": "taggit.tag", "pk": 11, "fields": {"name": "imperative", "slug": "imperative"}}, {"model": "taggit.tag", "pk": 12, "fields": {"name": "object-oriented", "slug": "object-oriented"}}, {"model": "taggit.tag", "pk": 13, "fields": {"name": "procedural", "slug": "procedural"}}, {"model": "taggit.tag", "pk": 14, "fields": {"name": "lisp", "slug": "lisp"}}, {"model": "taggit.tag", "pk": 15, "fields": {"name": "statically-typed", "slug": "statically-typed"}}, {"model": "taggit.tag", "pk": 17, "fields": {"name": "dynamically-typed", "slug": "dynamically-typed"}}, {"model": "taggit.tag", "pk": 18, "fields": {"name": "proprietary license", "slug": "proprietary-license"}}, {"model": "taggit.tag", "pk": 19, "fields": {"name": "beautifulsoup", "slug": "beautifulsoup"}}, {"model": "taggit.tag", "pk": 20, "fields": {"name": "web scraping", "slug": "web-scraping"}}, {"model": "taggit.tag", "pk": 21, "fields": {"name": "deployment", "slug": "deployment"}}, {"model": "taggit.tag", "pk": 22, "fields": {"name": "package management", "slug": "package-management"}}, {"model": "taggit.tag", "pk": 23, "fields": {"name": "web framework", "slug": "web-framework"}}, {"model": "taggit.tag", "pk": 24, "fields": {"name": "porting", "slug": "porting"}}, {"model": "taggit.tag", "pk": 25, "fields": {"name": "conda", "slug": "conda"}}, {"model": "taggit.tag", "pk": 26, "fields": {"name": "build tool", "slug": "build-tool"}}, {"model": "taggit.tag", "pk": 27, "fields": {"name": "feature flipper", "slug": "feature-flipper"}}, {"model": "taggit.tag", "pk": 29, "fields": {"name": "sinatra", "slug": "sinatra"}}, {"model": "taggit.tag", "pk": 30, "fields": {"name": "dashboard", "slug": "dashboard"}}, {"model": "taggit.tag", "pk": 31, "fields": {"name": "compiled", "slug": "compiled"}}, {"model": "taggit.tag", "pk": 32, "fields": {"name": "unstructured", "slug": "unstructured"}}, {"model": "taggit.tag", "pk": 33, "fields": {"name": "proprietary", "slug": "proprietary"}}, {"model": "taggit.taggeditem", "pk": 5, "fields": {"tag": 2, "content_type": ["languages", "tutorial"], "object_id": 2}}, {"model": "taggit.taggeditem", "pk": 6, "fields": {"tag": 4, "content_type": ["languages", "tutorial"], "object_id": 2}}, {"model": "taggit.taggeditem", "pk": 14, "fields": {"tag": 1, "content_type": ["languages", "language"], "object_id": 5}}, {"model": "taggit.taggeditem", "pk": 15, "fields": {"tag": 1, "content_type": ["languages", "language"], "object_id": 1}}, {"model": "taggit.taggeditem", "pk": 18, "fields": {"tag": 1, "content_type": ["languages", "language"], "object_id": 3}}, {"model": "taggit.taggeditem", "pk": 19, "fields": {"tag": 7, "content_type": ["languages", "language"], "object_id": 3}}, {"model": "taggit.taggeditem", "pk": 20, "fields": {"tag": 10, "content_type": ["languages", "language"], "object_id": 6}}, {"model": "taggit.taggeditem", "pk": 21, "fields": {"tag": 11, "content_type": ["languages", "language"], "object_id": 7}}, {"model": "taggit.taggeditem", "pk": 22, "fields": {"tag": 1, "content_type": ["languages", "language"], "object_id": 8}}, {"model": "taggit.taggeditem", "pk": 23, "fields": {"tag": 12, "content_type": ["languages", "language"], "object_id": 9}}, {"model": "taggit.taggeditem", "pk": 24, "fields": {"tag": 10, "content_type": ["languages", "language"], "object_id": 10}}, {"model": "taggit.taggeditem", "pk": 25, "fields": {"tag": 11, "content_type": ["languages", "language"], "object_id": 11}}, {"model": "taggit.taggeditem", "pk": 26, "fields": {"tag": 13, "content_type": ["languages", "language"], "object_id": 11}}, {"model": "taggit.taggeditem", "pk": 27, "fields": {"tag": 11, "content_type": ["languages", "language"], "object_id": 12}}, {"model": "taggit.taggeditem", "pk": 28, "fields": {"tag": 12, "content_type": ["languages", "language"], "object_id": 12}}, {"model": "taggit.taggeditem", "pk": 29, "fields": {"tag": 10, "content_type": ["languages", "language"], "object_id": 13}}, {"model": "taggit.taggeditem", "pk": 30, "fields": {"tag": 14, "content_type": ["languages", "language"], "object_id": 13}}, {"model": "taggit.taggeditem", "pk": 31, "fields": {"tag": 1, "content_type": ["languages", "language"], "object_id": 14}}, {"model": "taggit.taggeditem", "pk": 32, "fields": {"tag": 15, "content_type": ["languages", "language"], "object_id": 15}}, {"model": "taggit.taggeditem", "pk": 33, "fields": {"tag": 15, "content_type": ["languages", "language"], "object_id": 2}}, {"model": "taggit.taggeditem", "pk": 34, "fields": {"tag": 7, "content_type": ["languages", "language"], "object_id": 4}}, {"model": "taggit.taggeditem", "pk": 35, "fields": {"tag": 10, "content_type": ["languages", "language"], "object_id": 16}}, {"model": "taggit.taggeditem", "pk": 36, "fields": {"tag": 7, "content_type": ["languages", "language"], "object_id": 17}}, {"model": "taggit.taggeditem", "pk": 39, "fields": {"tag": 10, "content_type": ["languages", "language"], "object_id": 19}}, {"model": "taggit.taggeditem", "pk": 40, "fields": {"tag": 15, "content_type": ["languages", "language"], "object_id": 20}}, {"model": "taggit.taggeditem", "pk": 41, "fields": {"tag": 1, "content_type": ["languages", "language"], "object_id": 18}}, {"model": "taggit.taggeditem", "pk": 42, "fields": {"tag": 7, "content_type": ["languages", "language"], "object_id": 18}}, {"model": "taggit.taggeditem", "pk": 43, "fields": {"tag": 1, "content_type": ["languages", "language"], "object_id": 21}}, {"model": "taggit.taggeditem", "pk": 44, "fields": {"tag": 10, "content_type": ["languages", "language"], "object_id": 22}}, {"model": "taggit.taggeditem", "pk": 45, "fields": {"tag": 17, "content_type": ["languages", "language"], "object_id": 23}}, {"model": "taggit.taggeditem", "pk": 46, "fields": {"tag": 15, "content_type": ["languages", "language"], "object_id": 24}}, {"model": "taggit.taggeditem", "pk": 47, "fields": {"tag": 15, "content_type": ["languages", "language"], "object_id": 25}}, {"model": "taggit.taggeditem", "pk": 48, "fields": {"tag": 17, "content_type": ["languages", "language"], "object_id": 26}}, {"model": "taggit.taggeditem", "pk": 49, "fields": {"tag": 7, "content_type": ["languages", "language"], "object_id": 26}}, {"model": "taggit.taggeditem", "pk": 50, "fields": {"tag": 12, "content_type": ["languages", "language"], "object_id": 27}}, {"model": "taggit.taggeditem", "pk": 51, "fields": {"tag": 15, "content_type": ["languages", "language"], "object_id": 27}}, {"model": "taggit.taggeditem", "pk": 52, "fields": {"tag": 17, "content_type": ["languages", "language"], "object_id": 28}}, {"model": "taggit.taggeditem", "pk": 53, "fields": {"tag": 17, "content_type": ["languages", "language"], "object_id": 29}}, {"model": "taggit.taggeditem", "pk": 54, "fields": {"tag": 10, "content_type": ["languages", "language"], "object_id": 29}}, {"model": "taggit.taggeditem", "pk": 55, "fields": {"tag": 17, "content_type": ["languages", "language"], "object_id": 30}}, {"model": "taggit.taggeditem", "pk": 56, "fields": {"tag": 17, "content_type": ["languages", "language"], "object_id": 31}}, {"model": "taggit.taggeditem", "pk": 57, "fields": {"tag": 17, "content_type": ["languages", "language"], "object_id": 32}}, {"model": "taggit.taggeditem", "pk": 58, "fields": {"tag": 17, "content_type": ["languages", "language"], "object_id": 33}}, {"model": "taggit.taggeditem", "pk": 59, "fields": {"tag": 18, "content_type": ["languages", "language"], "object_id": 33}}, {"model": "taggit.taggeditem", "pk": 60, "fields": {"tag": 17, "content_type": ["languages", "language"], "object_id": 34}}, {"model": "taggit.taggeditem", "pk": 61, "fields": {"tag": 17, "content_type": ["languages", "language"], "object_id": 35}}, {"model": "taggit.taggeditem", "pk": 68, "fields": {"tag": 24, "content_type": ["languages", "tutorial"], "object_id": 5}}, {"model": "taggit.taggeditem", "pk": 76, "fields": {"tag": 22, "content_type": ["languages", "tutorial"], "object_id": 6}}, {"model": "taggit.taggeditem", "pk": 79, "fields": {"tag": 4, "content_type": ["languages", "tutorial"], "object_id": 3}}, {"model": "taggit.taggeditem", "pk": 80, "fields": {"tag": 27, "content_type": ["languages", "library"], "object_id": 2}}, {"model": "taggit.taggeditem", "pk": 82, "fields": {"tag": 27, "content_type": ["languages", "library"], "object_id": 4}}, {"model": "taggit.taggeditem", "pk": 83, "fields": {"tag": 27, "content_type": ["languages", "library"], "object_id": 3}}, {"model": "taggit.taggeditem", "pk": 84, "fields": {"tag": 26, "content_type": ["languages", "library"], "object_id": 5}}, {"model": "taggit.taggeditem", "pk": 85, "fields": {"tag": 26, "content_type": ["languages", "library"], "object_id": 6}}, {"model": "taggit.taggeditem", "pk": 86, "fields": {"tag": 22, "content_type": ["languages", "library"], "object_id": 6}}, {"model": "taggit.taggeditem", "pk": 87, "fields": {"tag": 26, "content_type": ["languages", "library"], "object_id": 7}}, {"model": "taggit.taggeditem", "pk": 88, "fields": {"tag": 21, "content_type": ["languages", "library"], "object_id": 7}}, {"model": "taggit.taggeditem", "pk": 89, "fields": {"tag": 22, "content_type": ["languages", "library"], "object_id": 7}}, {"model": "taggit.taggeditem", "pk": 90, "fields": {"tag": 26, "content_type": ["languages", "library"], "object_id": 8}}, {"model": "taggit.taggeditem", "pk": 91, "fields": {"tag": 4, "content_type": ["languages", "library"], "object_id": 1}}, {"model": "taggit.taggeditem", "pk": 92, "fields": {"tag": 29, "content_type": ["languages", "library"], "object_id": 9}}, {"model": "taggit.taggeditem", "pk": 93, "fields": {"tag": 30, "content_type": ["languages", "library"], "object_id": 9}}, {"model": "taggit.taggeditem", "pk": 94, "fields": {"tag": 2, "content_type": ["languages", "library"], "object_id": 10}}, {"model": "taggit.taggeditem", "pk": 95, "fields": {"tag": 23, "content_type": ["languages", "library"], "object_id": 10}}, {"model": "taggit.taggeditem", "pk": 96, "fields": {"tag": 2, "content_type": ["languages", "tutorial"], "object_id": 1}}, {"model": "taggit.taggeditem", "pk": 97, "fields": {"tag": 3, "content_type": ["languages", "tutorial"], "object_id": 1}}, {"model": "taggit.taggeditem", "pk": 98, "fields": {"tag": 4, "content_type": ["languages", "tutorial"], "object_id": 1}}, {"model": "taggit.taggeditem", "pk": 99, "fields": {"tag": 17, "content_type": ["languages", "language"], "object_id": 36}}, {"model": "taggit.taggeditem", "pk": 100, "fields": {"tag": 31, "content_type": ["languages", "language"], "object_id": 36}}, {"model": "taggit.taggeditem", "pk": 101, "fields": {"tag": 12, "content_type": ["languages", "language"], "object_id": 37}}, {"model": "taggit.taggeditem", "pk": 102, "fields": {"tag": 15, "content_type": ["languages", "language"], "object_id": 37}}, {"model": "taggit.taggeditem", "pk": 103, "fields": {"tag": 11, "content_type": ["languages", "language"], "object_id": 38}}, {"model": "taggit.taggeditem", "pk": 104, "fields": {"tag": 15, "content_type": ["languages", "language"], "object_id": 38}}, {"model": "taggit.taggeditem", "pk": 105, "fields": {"tag": 32, "content_type": ["languages", "language"], "object_id": 39}}, {"model": "taggit.taggeditem", "pk": 106, "fields": {"tag": 13, "content_type": ["languages", "language"], "object_id": 39}}, {"model": "taggit.taggeditem", "pk": 107, "fields": {"tag": 1, "content_type": ["languages", "language"], "object_id": 40}}, {"model": "taggit.taggeditem", "pk": 108, "fields": {"tag": 10, "content_type": ["languages", "language"], "object_id": 40}}, {"model": "taggit.taggeditem", "pk": 109, "fields": {"tag": 12, "content_type": ["languages", "language"], "object_id": 40}}, {"model": "taggit.taggeditem", "pk": 110, "fields": {"tag": 1, "content_type": ["languages", "language"], "object_id": 41}}, {"model": "taggit.taggeditem", "pk": 111, "fields": {"tag": 33, "content_type": ["languages", "language"], "object_id": 42}}]